{"stats":{"minecraft:crafted":{"minecraft:oak_planks":28,"minecraft:crafting_table":1,"minecraft:iron_sword":1,"minecraft:bread":16,"minecraft:wooden_hoe":1,"minecraft:shield":1,"minecraft:stick":8,"minecraft:wooden_axe":1},"minecraft:mined":{"minecraft:crafting_table":3,"minecraft:chest":1,"minecraft:dead_bush":1,"minecraft:grindstone":1,"minecraft:sugar_cane":33,"minecraft:spawner":1,"minecraft:hay_block":81,"minecraft:cactus":5,"minecraft:furnace":2,"minecraft:wheat":2,"minecraft:cave_vines":1,"minecraft:oak_log":7,"minecraft:coal_ore":21,"minecraft:beetroots":6,"minecraft:rail":1,"minecraft:sand":4,"minecraft:cobweb":48,"minecraft:azalea_leaves":2,"minecraft:stone":15,"minecraft:gold_ore":34,"minecraft:green_bed":2},"minecraft:dropped":{"minecraft:wheat_seeds":2,"minecraft:cobblestone":4,"minecraft:light_weighted_pressure_plate":1,"minecraft:arrow":2},"minecraft:killed_by":{"minecraft:spider":1,"minecraft:zombie":1},"minecraft:custom":{"minecraft:mob_kills":8,"minecraft:interact_with_crafting_table":5,"minecraft:time_since_death":697,"minecraft:sleep_in_bed":2,"minecraft:time_since_rest":727,"minecraft:sprint_one_cm":36931,"minecraft:damage_taken":742,"minecraft:walk_one_cm":211377,"minecraft:drop":5,"minecraft:damage_dealt":2283,"minecraft:swim_one_cm":6125,"minecraft:talked_to_villager":2,"minecraft:fly_one_cm":164436,"minecraft:open_chest":7,"minecraft:crouch_one_cm":231,"minecraft:play_time":38419,"minecraft:deaths":2,"minecraft:sneak_time":648,"minecraft:walk_under_water_one_cm":221,"minecraft:jump":390,"minecraft:walk_on_water_one_cm":10579,"minecraft:total_world_time":38419,"minecraft:fall_one_cm":7128},"minecraft:killed":{"minecraft:cave_spider":1,"minecraft:zombie_villager":1,"minecraft:spider":1,"minecraft:iron_golem":1,"minecraft:skeleton":1,"minecraft:zombie":3},"minecraft:picked_up":{"minecraft:wooden_axe":1,"minecraft:crafting_table":4,"minecraft:wheat":2,"minecraft:oak_log":7,"minecraft:shield":1,"minecraft:string":65,"minecraft:apple":1,"minecraft:wheat_seeds":2,"minecraft:detector_rail":6,"minecraft:raw_gold":68,"minecraft:grindstone":2,"minecraft:light_weighted_pressure_plate":1,"minecraft:iron_ingot":10,"minecraft:iron_nugget":25,"minecraft:azalea":2,"minecraft:iron_pickaxe":1,"minecraft:minecart":2,"minecraft:sugar_cane":136,"minecraft:chest":4,"minecraft:oak_planks":9,"minecraft:iron_sword":1,"minecraft:furnace":4,"minecraft:book":1,"minecraft:stick":7,"minecraft:torch":10,"minecraft:green_bed":3,"minecraft:fire_charge":2,"minecraft:sand":7,"minecraft:carrot":2,"minecraft:arrow":2,"minecraft:cactus":48,"minecraft:beetroot_seeds":10,"minecraft:iron_helmet":1,"minecraft:hay_block":154,"minecraft:golden_apple":1,"minecraft:gold_ingot":1,"minecraft:emerald":3,"minecraft:bread":27,"minecraft:glow_berries":6,"minecraft:coal":42,"minecraft:rail":18,"minecraft:cobblestone":4},"minecraft:used":{"minecraft:iron_sword":80,"minecraft:green_bed":1,"minecraft:glow_berries":2,"minecraft:sand":1,"minecraft:crafting_table":3,"minecraft:wooden_hoe":59,"minecraft:wooden_axe":20,"minecraft:bread":4,"minecraft:iron_pickaxe":75,"minecraft:hay_block":8,"minecraft:golden_axe":42},"minecraft:broken":{"minecraft:golden_axe":1,"minecraft:wooden_hoe":1}},"DataVersion":2975}