{"stats":{"minecraft:crafted":{"minecraft:oak_planks":28,"minecraft:wooden_hoe":1,"minecraft:shield":1,"minecraft:crafting_table":1,"minecraft:stick":8,"minecraft:wooden_axe":1,"minecraft:iron_sword":1,"minecraft:bread":16},"minecraft:mined":{"minecraft:hay_block":81,"minecraft:cactus":5,"minecraft:furnace":2,"minecraft:wheat":2,"minecraft:crafting_table":3,"minecraft:oak_log":7,"minecraft:beetroots":6,"minecraft:chest":1,"minecraft:dead_bush":1,"minecraft:sand":4,"minecraft:azalea_leaves":2,"minecraft:grindstone":1,"minecraft:sugar_cane":33,"minecraft:green_bed":2},"minecraft:custom":{"minecraft:time_since_rest":3732,"minecraft:damage_taken":208,"minecraft:sprint_one_cm":33292,"minecraft:walk_one_cm":152042,"minecraft:mob_kills":1,"minecraft:damage_dealt":1004,"minecraft:talked_to_villager":2,"minecraft:swim_one_cm":6125,"minecraft:interact_with_crafting_table":5,"minecraft:fly_one_cm":74031,"minecraft:open_chest":7,"minecraft:crouch_one_cm":218,"minecraft:play_time":26419,"minecraft:sneak_time":603,"minecraft:walk_under_water_one_cm":221,"minecraft:jump":358,"minecraft:walk_on_water_one_cm":7922,"minecraft:time_since_death":26419,"minecraft:sleep_in_bed":2,"minecraft:total_world_time":26419,"minecraft:fall_one_cm":6350},"minecraft:killed":{"minecraft:iron_golem":1},"minecraft:picked_up":{"minecraft:stick":2,"minecraft:crafting_table":3,"minecraft:green_bed":2,"minecraft:fire_charge":1,"minecraft:sand":4,"minecraft:oak_log":7,"minecraft:cactus":10,"minecraft:beetroot_seeds":5,"minecraft:wheat_seeds":2,"minecraft:iron_ingot":4,"minecraft:hay_block":81,"minecraft:light_weighted_pressure_plate":1,"minecraft:grindstone":1,"minecraft:azalea":1,"minecraft:sugar_cane":68,"minecraft:chest":1,"minecraft:furnace":2},"minecraft:used":{"minecraft:wooden_axe":20,"minecraft:wooden_hoe":59,"minecraft:bread":4,"minecraft:iron_pickaxe":3,"minecraft:green_bed":1,"minecraft:sand":1,"minecraft:hay_block":8,"minecraft:crafting_table":3,"minecraft:golden_axe":42},"minecraft:broken":{"minecraft:golden_axe":1,"minecraft:wooden_hoe":1}},"DataVersion":2975}