{"stats":{"minecraft:crafted":{"minecraft:oak_planks":28,"minecraft:wooden_hoe":1,"minecraft:crafting_table":1,"minecraft:stick":8,"minecraft:wooden_axe":1},"minecraft:mined":{"minecraft:hay_block":14,"minecraft:cactus":5,"minecraft:furnace":2,"minecraft:wheat":2,"minecraft:crafting_table":1,"minecraft:oak_log":7,"minecraft:beetroots":4,"minecraft:chest":1,"minecraft:dead_bush":1,"minecraft:sand":4,"minecraft:azalea_leaves":2,"minecraft:grindstone":1,"minecraft:sugar_cane":18},"minecraft:custom":{"minecraft:time_since_rest":5077,"minecraft:damage_taken":60,"minecraft:sprint_one_cm":22478,"minecraft:walk_one_cm":68866,"minecraft:interact_with_crafting_table":3,"minecraft:fly_one_cm":39101,"minecraft:open_chest":2,"minecraft:crouch_one_cm":149,"minecraft:play_time":14419,"minecraft:sneak_time":65,"minecraft:jump":208,"minecraft:walk_on_water_one_cm":718,"minecraft:time_since_death":14419,"minecraft:sleep_in_bed":1,"minecraft:total_world_time":14419,"minecraft:fall_one_cm":4034},"minecraft:picked_up":{"minecraft:stick":2,"minecraft:crafting_table":1,"minecraft:fire_charge":1,"minecraft:sand":4,"minecraft:oak_log":7,"minecraft:cactus":10,"minecraft:beetroot_seeds":4,"minecraft:wheat_seeds":2,"minecraft:hay_block":14,"minecraft:light_weighted_pressure_plate":1,"minecraft:grindstone":1,"minecraft:azalea":1,"minecraft:sugar_cane":39,"minecraft:chest":1,"minecraft:furnace":2},"minecraft:used":{"minecraft:wooden_hoe":14,"minecraft:bread":1,"minecraft:iron_pickaxe":3,"minecraft:sand":1,"minecraft:crafting_table":1,"minecraft:golden_axe":10}},"DataVersion":2975}