{"stats":{"minecraft:custom":{"minecraft:time_since_rest":3592,"minecraft:play_time":9527,"minecraft:walk_one_cm":12661,"minecraft:sneak_time":16,"minecraft:jump":29,"minecraft:leave_game":1,"minecraft:time_since_death":9527,"minecraft:walk_on_water_one_cm":47,"minecraft:sleep_in_bed":1,"minecraft:traded_with_villager":57,"minecraft:total_world_time":9527,"minecraft:talked_to_villager":9,"minecraft:fly_one_cm":26581},"minecraft:crafted":{"minecraft:golden_carrot":36,"minecraft:cake":7,"minecraft:cookie":108,"minecraft:apple":64,"minecraft:oak_planks":36,"minecraft:bread":96,"minecraft:air":0},"minecraft:mined":{"minecraft:oak_log":9,"minecraft:sugar_cane":5,"minecraft:oak_leaves":1},"minecraft:used":{"minecraft:villager_spawn_egg":1,"minecraft:grass_block":8,"minecraft:white_bed":1,"minecraft:composter":5},"minecraft:picked_up":{"minecraft:oak_log":9,"minecraft:sugar_cane":6}},"DataVersion":2730}